倒数日,1636446962000 ,/sdcard/Android/data/com.clover.daysmatter
倒数日,1636446962000 ,/sdcard/Android/data/com.clover.daysmatter/cache
倒数日,1654490976000 ,/sdcard/Android/data/com.clover.daysmatter/cache/uil-images
倒数日,1636446963000 ,/sdcard/Android/data/com.clover.daysmatter/cache/uil-images/-10169141040
倒数日,1654490974000 ,/sdcard/Android/data/com.clover.daysmatter/cache/uil-images/-15172068960
倒数日,1654490976000 ,/sdcard/Android/data/com.clover.daysmatter/cache/uil-images/-10221552160
倒数日,1654490976000 ,/sdcard/Android/data/com.clover.daysmatter/cache/uil-images/journal
倒数日,1654490976000 ,/sdcard/Android/data/com.clover.daysmatter/cache/uil-images/11442753900
倒数日,1654490974000 ,/sdcard/Android/data/com.clover.daysmatter/cache/uil-images/17620170340
倒数日,1636446963000 ,/sdcard/Android/data/com.clover.daysmatter/cache/uil-images/-17072385180
倒数日,1636446962000 ,/sdcard/Android/data/com.clover.daysmatter/cache/.nomedia
天眼查企业查询,1657682954000 ,/sdcard/Android/data/com.tianyancha.skyeye
天眼查企业查询,1657682958000 ,/sdcard/Android/data/com.tianyancha.skyeye/cache
天眼查企业查询,1660483817000 ,/sdcard/Android/data/com.tianyancha.skyeye/cache/eae6ff4a
天眼查企业查询,1660483817000 ,/sdcard/Android/data/com.tianyancha.skyeye/cache/e2308fa0
天眼查企业查询,1660483820000 ,/sdcard/Android/data/com.tianyancha.skyeye/files
天眼查企业查询,1657682969000 ,/sdcard/Android/data/com.tianyancha.skyeye/files/BaiduMapSDKNew
天眼查企业查询,1657682969000 ,/sdcard/Android/data/com.tianyancha.skyeye/files/BaiduMapSDKNew/crash
天眼查企业查询,1657682967000 ,/sdcard/Android/data/com.tianyancha.skyeye/files/Download
天眼查企业查询,1657682989000 ,/sdcard/Android/data/com.tianyancha.skyeye/files/Download/tianyancha.apk
天眼查企业查询,1657682957000 ,/sdcard/Android/data/com.tianyancha.skyeye/files/apk
天眼查企业查询,1657682957000 ,/sdcard/Android/data/com.tianyancha.skyeye/files/res
咚漫漫画,1655709522000 ,/sdcard/Android/data/com.naver.linewebtoon.cn
咚漫漫画,1655709537000 ,/sdcard/Android/data/com.naver.linewebtoon.cn/cache
咚漫漫画,1655709537000 ,/sdcard/Android/data/com.naver.linewebtoon.cn/cache/playable
咚漫漫画,1655709537000 ,/sdcard/Android/data/com.naver.linewebtoon.cn/cache/playable/games
咚漫漫画,1655709537000 ,/sdcard/Android/data/com.naver.linewebtoon.cn/cache/tt_ad
咚漫漫画,1655709537000 ,/sdcard/Android/data/com.naver.linewebtoon.cn/cache/tt_ad/tt_video_splash
咚漫漫画,1655709537000 ,/sdcard/Android/data/com.naver.linewebtoon.cn/cache/tt_ad/tt_video_reward_full
咚漫漫画,1655709537000 ,/sdcard/Android/data/com.naver.linewebtoon.cn/cache/tt_ad/tt_video_default
咚漫漫画,1655709537000 ,/sdcard/Android/data/com.naver.linewebtoon.cn/cache/tt_ad/tt_video_default/mdlDownload
咚漫漫画,1655709537000 ,/sdcard/Android/data/com.naver.linewebtoon.cn/cache/tt_ad/tt_video_default/netCache
咚漫漫画,1655709537000 ,/sdcard/Android/data/com.naver.linewebtoon.cn/cache/tt_ad/tt_video_default/loaderFactory
咚漫漫画,1655709537000 ,/sdcard/Android/data/com.naver.linewebtoon.cn/cache/tt_ad/tt_video_default/mdlManual
咚漫漫画,1655709537000 ,/sdcard/Android/data/com.naver.linewebtoon.cn/cache/tt_ad/tt_video_brand
咚漫漫画,1655709537000 ,/sdcard/Android/data/com.naver.linewebtoon.cn/cache/tt_ad/tt_video_feed
咚漫漫画,1655709537000 ,/sdcard/Android/data/com.naver.linewebtoon.cn/cache/tt_tmpl_pkg
咚漫漫画,1655709557000 ,/sdcard/Android/data/com.naver.linewebtoon.cn/cache/tt_tmpl_pkg/template
咚漫漫画,1655709550000 ,/sdcard/Android/data/com.naver.linewebtoon.cn/cache/tt_tmpl_pkg/template/2dc244e01ad08eca4d584e25a374c757
咚漫漫画,1655709557000 ,/sdcard/Android/data/com.naver.linewebtoon.cn/cache/tt_tmpl_pkg/template/49c24dcd16b8a401b745cce5e5fb7ed5
咚漫漫画,1655709557000 ,/sdcard/Android/data/com.naver.linewebtoon.cn/cache/tt_tmpl_pkg/template/temp_pkg_info.json
咚漫漫画,1655709554000 ,/sdcard/Android/data/com.naver.linewebtoon.cn/cache/tt_tmpl_pkg/template/124d9f0511f1b1a677d0c1acead433e8
咚漫漫画,1655709552000 ,/sdcard/Android/data/com.naver.linewebtoon.cn/cache/tt_tmpl_pkg/template/9dc3bd0efbceb05ff3c5c3a965cf9ace
咚漫漫画,1655709537000 ,/sdcard/Android/data/com.naver.linewebtoon.cn/files
咚漫漫画,1655709523000 ,/sdcard/Android/data/com.naver.linewebtoon.cn/files/Download
咚漫漫画,1655709523000 ,/sdcard/Android/data/com.naver.linewebtoon.cn/files/Download/meishu_sdk
咚漫漫画,1655709530000 ,/sdcard/Android/data/com.naver.linewebtoon.cn/files/gtpush
咚漫漫画,1655709537000 ,/sdcard/Android/data/com.naver.linewebtoon.cn/files/TTCache
番茄ToDo,1636519250000 ,/sdcard/Android/data/com.plan.kot32.tomatotime
番茄ToDo,1657353381000 ,/sdcard/Android/data/com.plan.kot32.tomatotime/files
番茄ToDo,1656391821000 ,/sdcard/Android/data/com.plan.kot32.tomatotime/files/perfUploading
番茄ToDo,1636519250000 ,/sdcard/Android/data/com.plan.kot32.tomatotime/files/MiPushLog
番茄ToDo,1636519250000 ,/sdcard/Android/data/com.plan.kot32.tomatotime/files/MiPushLog/log.lock
番茄ToDo,1657353890000 ,/sdcard/Android/data/com.plan.kot32.tomatotime/files/MiPushLog/log1.txt
番茄ToDo,1657353391000 ,/sdcard/Android/data/com.plan.kot32.tomatotime/files/perf
番茄ToDo,1657353205000 ,/sdcard/Android/data/com.plan.kot32.tomatotime/files/perf/1000#P1000000.lock
番茄ToDo,1657353391000 ,/sdcard/Android/data/com.plan.kot32.tomatotime/files/perf/1000#P1000000
番茄ToDo,1656391816000 ,/sdcard/Android/data/com.plan.kot32.tomatotime/files/push_cdata.lock
天眼查企业查询,1657682954000 ,/sdcard/Android/media/com.tianyancha.skyeye
番茄ToDo,1636519157000 ,/sdcard/Android/media/com.plan.kot32.tomatotime
番茄ToDo,1636519207000 ,/sdcard/Android/media/com.plan.kot32.tomatotime/local_wallpaper
番茄ToDo,1636519208000 ,/sdcard/Android/media/com.plan.kot32.tomatotime/local_wallpaper/wallpager
